#SampleID	BarcodeSequence	LinkerPrimerSequence	HealthStatus	CytokineNumber	BodySite	SomeMoreData	Description
#q2:types	categorical	categorical	categorical	numeric	categorical	categorical	categorical
10A	CCGATAAAGGTT		MPN	10	kenza		
10B	GCGTGCCCGGCC		MPN	10	kenza		
10C	TAAACCTGGACA		MPN	10	kenza		
11A	CTATATTATCCG		MPN	11	kenza		
11B	CAAACTGCGTTG		MPN	11	kenza		
11C	CTGACACGAATA		MPN	11	kenza		
12A	AGCAGTGCGGTG		MPN	12	kenza		
12B	GTTGGACGAAGG		MPN	12	kenza		
12C	CAGGAACCAGGA		MPN	12	kenza		
13A	CAAAGGAGCCCG		HEALTHY	13	kenza		
13B	GCGATCACACCT		HEALTHY	13	kenza		
13C	CCAACCCAGATC		HEALTHY	13	kenza		
17A	ACCGAACAATCC		MPN	17	kenza		
17B	TCGAGAGTTTGC		MPN	17	kenza		
17C	GCTGCCCACCTA		MPN	17	kenza		
19A	GCATATGCACTG		MPN	19	kenza		
19B	GTCACTCCGAAC		MPN	19	kenza		
19C	GCATAAACGACT		MPN	19	kenza		
1A	CTACAGGGTCTC		HEALTHY	1	kenza		
1B	GTTCATTAAACT		HEALTHY	1	kenza		
1C	TTCGATGCCGCA		HEALTHY	1	kenza		
21A	CTTAGTGCAGAA		MPN	21	kenza		
21B	GTCAACGCTGTC		MPN	21	kenza		
21C	TGAGTGGTCTGT		MPN	21	kenza		
25A	TGCGGCGTCAGG		MPN	25	kenza		
25B	TTAAGTTAAGTT		MPN	25	kenza		
25C	ACGGTACCCTAC		MPN	25	kenza		
26A	CGACACGGAGAA		MPN	26	kenza		
26B	GCGTTTGCTAGC		MPN	26	kenza		
26C	CCGGCGACAGAA		MPN	26	kenza		
27A	TAACAATAATTC		MPN	27	kenza		
27B	AATGGTTCAGCA		MPN	27	kenza		
27C	AAGAACTCATGA		MPN	27	kenza		
29A	ATACATGCAAGA		MPN	29	kenza		
29B	GTTGATACGATG		MPN	29	kenza		
29C	GAAGAGGGTTGA		MPN	29	kenza		
2A	TCGTTATTCAGT		MPN	2	kenza		
2B	ACTCTGTAATTA		MPN	2	kenza		
2C	ATATGTTCTCAA		MPN	2	kenza		
30A	CGTTCTGGTGGT		MPN	30	not		
30A-28	AGCCTTCGTCGC		MPN	30	not		
30B	ATCGTAGTGGTC		MPN	30	not		
30B-28	CGTATAAATGCG		MPN	30	not		
mock	CGCTGTGGATTA				not		
30C-28	TGACTAATGGCC		MPN	30	not		
31A	ACGTGAGGAACG		HEALTHY	31	kenza		
31B	TGAGTCATTGAG		HEALTHY 	31	kenza		
31C	TCCACAGGGTTC		HEALTHY	31	kenza		
34A	AGATCGTGCCTA		MPN	34	kenza		
34B	CCTCACTAGCGA		MPN	34	kenza		
34C	TAGTTCGGTGAC		MPN	34	kenza		
35A	ACTAAAGCAAAC		MPN	35	kenza		
35B	CTTGCTCATAAT		MPN	35	kenza		
35C	GGTAGTTCATAG		MPN	35	kenza		
36A	ACCTACTTGTCT		HEALTHY 	36	kenza		
36B	GGAGAACGACAC		HEALTHY	36	kenza		
36C	AATTAATATGTA		HEALTHY	36	kenza		
37A	CTAATCAGAGTG		MPN	37	kenza		
37B	TTAATGGATCGG		MPN	37	kenza		
37C	TAGGAACTCACC		MPN	37	kenza		
38A	ACGACAACGGGC		MPN	38	kenza		
38B	CGATGAATATCG		MPN	38	kenza		
38C	ACTGTGACGTCC		MPN	38	kenza		
39A	CCTACCATTGTT		MPN	39	kenza		
39B	CATTTCGCACTT		MPN	39	kenza		
39C	CTACTCCACGAG		MPN	39	kenza		
3A	TCAGACCAACTG		HEALTHY	3	kenza		
3B	TCATTAGCGTGG		HEALTHY	3	kenza		
3C	CTTGGAGGCTTA		HEALTHY 	3	kenza		
40A	TCAAGTCCGCAC		MPN	40	kenza		
40B	GTCCGTCCTGGT		MPN	40	kenza		
40C	CTAGCGTGCGTT		MPN	40	kenza		
42A	TACAATATCTGT		HEALTHY	42	kenza		
42B	GGTTGCCCTGTA		HEALTHY	42	kenza		
42b-2	TTACTGTGGCCG		HEALTHY	42	not		
42b-3	AGGATCAGGGAA		HEALTHY	42	not		
42C	TGATATCGTCTT		HEALTHY	42	kenza		
43A	GTTCTAAGGTGA		MPN	43	kenza		
43B	CTCTGAGGTAAC		MPN	43	kenza		
43C	TCCGGCGGGCAA		MPN	43	kenza		
44A	ACATGATATTCT		HEALTHY	44	kenza		
44B	TAAGGCATCGCT		HEALTHY	44	kenza		
44C	CACACAAAGTCA		HEALTHY	44	kenza		
45A	CGAGGCGAGTCA		MPN	45	kenza		
45B	TAGTCTAAGGGT		MPN	45	kenza		
45C	ATGACTAAGATG		MPN	45	kenza		
46A	GTGGAGTCTCAT		HEALTHY	46	kenza		
46B	TGATGTGCTAAG		HEALTHY	46	kenza		
46C	TGTGCACGCCAT		HEALTHY	46	kenza		
47A	GGTGAGCAAGCA		MPN	47	kenza		
47B	TCCATACCGGAA		MPN	47	kenza		
47C	ATGCTGCAACAC		MPN	47	kenza		
48A	CGGGACACCCGA		HEALTHY	48	kenza		
48B	ACCTTACACCTT		HEALTHY	48	kenza		
48C	GTAGTAGACCAT		HEALTHY	48	kenza		
49A	GGTTCATGAACA		HEALTHY	49	kenza		
49B	TGAGTATGAGTA		HEALTHY	49	kenza		
49C	AATTTAGGTAGG		HEALTHY	49	kenza		
4A	GTGCCGGCCGAC		HEALTHY	4	kenza		
4B	AGAGGGTGATCG		HEALTHY	4	kenza		
4C	GGATACTCGCAT		HEALTHY	4	kenza		
51A	CCGGACAAGAAG		HEALTHY	51	kenza		
51B	TAAATATACCCT		HEALTHY	51	kenza		
51C	ACTCCCGTGTGA		HEALTHY	51	kenza		
52A	CATGTCTTCCAT		HEALTHY 	52	kenza		
52B	TAATCCATAATC		HEALTHY	52	kenza		
52C	GCAACGAACGAG		HEALTHY	52	kenza		
55A	AGCGCGGCGAAT		HEALTHY	55	kenza		
55B	GTCAGGTGCGGC		HEALTHY	55	kenza		
55C	TTCCAATACTCA		HEALTHY	55	kenza		
56A	GTTTGAAACACG		HEALTHY	56	kenza		
56B	TACAGCGCATAC		HEALTHY	56	kenza		
56C	AACAGTAAACAA		HEALTHY 	56	kenza		
57A	AGCCCTGCTACA		HEALTHY	57	kenza		
57B	ACTCGCTCGCTG		HEALTHY	57	kenza		
57C	CTGTCTATACTA		HEALTHY	57	kenza		
5A	TCATGGCCTCCG		HEALTHY	5	kenza		
5B	ATGTGCTGCTCG		HEALTHY	5	kenza		
5C	CCACGAGCAGGC		HEALTHY	5	kenza		
60A	TAATCTCGCCGG		HEALTHY	60	kenza		
60B	AGTAAAGATCGT		HEALTHY	60	kenza		
60C	TTGCTGGACGCT		HEALTHY	60	kenza		
61A	TTGCGGACCCTA		HEALTHY	61	kenza		
61B	CCTAACGGTCCA		HEALTHY	61	kenza		
61C	CGGTATAGCAAT		HEALTHY	61	kenza		
65A	TTCCTTAGTAGT		MPN	65	kenza		
65B	TATGCCAGAGAT		MPN	65	kenza		
65C	ATCTAGTGGCAA		MPN	65	kenza		
66A	CCTCCGTCATGG		HEALTHY	66	kenza		
66B	AGATGTCCGTCA		HEALTHY	66	kenza		
66C	TAGCAGTTGCGT		HEALTHY	66	kenza		
68A	TTGAACAAGCCA		HEALTHY	68	kenza		
68B	AACTCAATAGCG		HEALTHY	68	kenza		
68C	ACCTCAGTCAAG		HEALTHY	68	kenza		
69A	CTCGCCCTCGCC		HEALTHY	69	kenza		
69B	TACTAACGCGGT		HEALTHY	69	kenza		
69C	GTCGTCCAAATG		HEALTHY	69	kenza		
6A	CGCCGTACTTGC		MPN	6	kenza		
6B	TATCATATTACG		MPN	6	kenza		
6C	CCTTGACCGATG		MPN	6	kenza		
70A	GACTCTGCTCAG		HEALTHY	70	kenza		
70B	CGCGCCTTAAAC		HEALTHY	70	kenza		
70C	CGTCCGTATGAA		HEALTHY	70	kenza		
71A	TGACAGAATCCA		HEALTHY	71	kenza		
71B	CGGTGACCTACT		HEALTHY	71	kenza		
71C	CATATAGCCCGA		HEALTHY	71	kenza		
72A	CGTTTGGAATGA		MPN	72	kenza		
72B	ACGCTTAACGAC		MPN	72	kenza		
72C	TCTCTTTCGACA		MPN	72	kenza		
7A	AGCTCTAGAAAC		HEALTHY	7	kenza		
7B	AATGTTCAACTT		HEALTHY	7	kenza		
7C	CAATCATAGGTG		HEALTHY	7	kenza		
MOCK	TACGGATTATGG		CONTROL		not		
